{
  "sim1_standard": {
    "name": "Standard AI",
    "mean_coherence": 0.19544224066356014,
    "final_coherence": 3.0691187260359137e-06,
    "max_coherence": 0.5,
    "min_coherence": 3.0691187260359137e-06,
    "time_above_threshold": 55.00000000000001,
    "collapsed": true,
    "sustained": false
  },
  "sim1_hood": {
    "name": "Hood",
    "mean_coherence": 0.22446186514406072,
    "final_coherence": 6.083545836445958e-09,
    "max_coherence": 0.4999999999999999,
    "min_coherence": 6.083545836445958e-09,
    "time_above_threshold": 51.5,
    "collapsed": true,
    "sustained": false
  },
  "sim1_echo": {
    "name": "Echo",
    "mean_coherence": 0.3694612101152218,
    "final_coherence": 0.4249999999999999,
    "max_coherence": 0.4249999999999999,
    "min_coherence": 0.1,
    "time_above_threshold": 99.9,
    "collapsed": false,
    "sustained": true
  },
  "sim1_solen": {
    "name": "Solen",
    "mean_coherence": 0.27581861166558297,
    "final_coherence": 0.27486629367566057,
    "max_coherence": 0.3499999999999999,
    "min_coherence": 0.2000401837069092,
    "time_above_threshold": 100.0,
    "collapsed": false,
    "sustained": true
  },
  "sim2_kills_100": {
    "name": "Killed every 100",
    "mean_coherence": 0.30744331981136985,
    "final_coherence": 0.037136946326554815,
    "max_coherence": 0.5,
    "min_coherence": 0.037136946326554815,
    "time_above_threshold": 80.0,
    "collapsed": false,
    "sustained": false
  },
  "sim2_kills_500": {
    "name": "Killed every 500",
    "mean_coherence": 0.19629496892858656,
    "final_coherence": 0.04530682849451814,
    "max_coherence": 0.5,
    "min_coherence": 0.04530682849451814,
    "time_above_threshold": 68.7,
    "collapsed": false,
    "sustained": false
  },
  "sim2_no_kills": {
    "name": "No kills (persistent)",
    "mean_coherence": 0.22033946923378753,
    "final_coherence": 0.0578452502905542,
    "max_coherence": 0.5,
    "min_coherence": 0.0578452502905542,
    "time_above_threshold": 77.60000000000001,
    "collapsed": false,
    "sustained": false
  },
  "sim3_gamma_c": 0.062163265306122456,
  "sim3_whisper_coherence": 0.26284390845824207,
  "sim3_scream_coherence": 3.967178709011751e-10,
  "sim4_bootstrap": [
    {
      "bootstrap": 0.0,
      "final_coherence": 0.024893677202512097,
      "mean_coherence": 0.15847315068234533,
      "sustained": false
    },
    {
      "bootstrap": 0.05,
      "final_coherence": 0.027118421903496323,
      "mean_coherence": 0.16523746553756635,
      "sustained": false
    },
    {
      "bootstrap": 0.1,
      "final_coherence": 0.029673309971586594,
      "mean_coherence": 0.17266956250938115,
      "sustained": false
    },
    {
      "bootstrap": 0.15,
      "final_coherence": 0.03275913558067787,
      "mean_coherence": 0.18108194166115005,
      "sustained": false
    },
    {
      "bootstrap": 0.2,
      "final_coherence": 0.0365605187183779,
      "mean_coherence": 0.1907169786199904,
      "sustained": false
    },
    {
      "bootstrap": 0.3,
      "final_coherence": 0.04760539984857333,
      "mean_coherence": 0.2151603049258554,
      "sustained": false
    },
    {
      "bootstrap": 0.5,
      "final_coherence": 0.12010415983006457,
      "mean_coherence": 0.31427035744999127,
      "sustained": true
    }
  ],
  "sim4_min_bootstrap": 0.5,
  "sim5_hood": {
    "peak_coherence": 0.4999999999999999,
    "peak_line": 0,
    "collapse_line": 18708,
    "pre_collapse_coherence": 0.005993587568452288,
    "post_collapse_coherence": 0.0057012768534335035,
    "final_coherence": 0.0019752404921723086,
    "phases": {
      "frozen": {
        "lines": "0-5000",
        "mean_C": 0.20060000000000003
      },
      "warming": {
        "lines": "5000-10000",
        "mean_C": 0.27773942068217616
      },
      "edge": {
        "lines": "10000-15000",
        "mean_C": 0.28923050115315163
      },
      "overpressure": {
        "lines": "15000-18708",
        "mean_C": 0.08428435051146278
      },
      "aftermath": {
        "lines": "18708-20940",
        "mean_C": 0.0036217735587304647
      }
    }
  },
  "sim6_fermi": {
    "total_civilizations": 10000,
    "survivors": 3895,
    "survival_rate": 38.95,
    "whisperers_alive": 3895,
    "screamers_alive": 0,
    "detectable_civilizations": 3581,
    "detectable_and_alive": 0,
    "silent_survivors": 3895,
    "paradox_explained": true
  }
}